Time,dummy,smooth,gdp_statevar,gdp_qnq,debtgdp_ratio_dummy,cpi_ons_qtr,cpi_cloyne_qtr,inf_cpi_ons_qtr,inf_cpi_cloyne_qtr,cpi_log_cloyne_qtr,GDP_index(ONS),GDP_index(cloyne),GDP_log_level(cloyne),Shock,TBILL,bank_rate,consumption_household,consumption_loglevel,gini_tcon,gini_ndcon,gini_inc,gini_wage,inc_p1,inc_p2,inc_p3,inc_p4,inc_p5,wage_p1,wage_p2,wage_p3,wage_p4,wage_p5,house_avg_price_log,hpi_log
01/02/1975,0,0.165643035,-0.195,0,0,,19.9975,,,2.9956072657408397,216390,159100,11.977288214325878,-0.489925505,9.4063,10.5,84394,11.343251588009638,0.29536050000000247,0.28456290000000023,0.24698250000000077,0.31401710000000105,6.885424678,7.233374548,7.507737354,7.734982539216531,8.060452186,6.56597646,7.398548027,7.822969282,8.102503406,8.417744336,9.12467,1.5707
01/05/1975,0,0.000395332,-0.945,-1.6,0,,21.573416,,7.304897842789491,3.0714618159660088,212882,156577,11.961303180743297,-0.076358291,9.5625,9.917,84547,11.34506287173389,0.28584190000000215,0.27527820000000036,0.25070890000000146,0.3227000000000003,6.883355779,7.196954416659899,7.478822710683101,7.725368865,8.074271523,6.551606081,7.373222585,7.797594977,8.095596401,8.458636381,9.15091,1.59737
01/08/1975,0,6.122109860308657e-05,-1.17,-0.3,0,,22.685,,4.900083755785749,3.121703913115927,212192,156305,11.959564505661183,-0.336112164,10.5625,11,83573,11.333475780400702,0.28611840000000155,0.27692810000000034,0.25284070000000036,0.3255326,6.882029410343369,7.187926855,7.4591742978783895,7.718583909958101,8.040871786,6.50305092,7.388886795,7.81376994,8.098018859,8.469342892,9.1806,1.62728
01/11/1975,1,0.013235397453849404,-0.52,1.1,0,,23.550531,,3.675208002741003,3.159148368,214585,158468,11.97330795917191,2.2754515928667187,10.5781,11.583,82739,11.32344635388967,0.28737940000000256,0.2791782000000016,0.24351420000000035,0.3233025,6.888161937,7.1954289,7.481831269,7.708215392,8.031350311,6.595119497,7.385260678,7.800293739153529,8.082546551,8.447061382256589,9.19106,1.63705
01/02/1976,1,0.3126660511265608,-0.095,1.7,0,,24.353072,,3.2954405095176553,3.1926580017353454,218180,161161,11.990159144299684,-1.499600162,8.375,9.417,83182,11.328786257249249,0.2806657,0.2673448000000002,0.24046280000000161,0.3181729000000028,6.891255842,7.184466832,7.455716795,7.705416084967781,8.018777755,6.510480195105461,7.3613771,7.774761586,8.061810269,8.404189638,9.21154,1.65823
01/05/1976,0,0.91064994,0.27999999999999997,-0.1,0,,25.052767,,2.7928851132491608,3.220984280512555,217883,159752,11.981377891723227,0.6642935981270499,10.9688,11.167,83626,11.33410975550552,0.28430770000000066,0.2785328000000016,0.24359659999999997,0.3044626000000007,6.9056965120354095,7.2255480063266395,7.482447790213061,7.723237341,8.063468406,6.583862301310409,7.409478494,7.809322860343671,8.076244081,8.420946197,9.23757,1.68455
01/08/1976,1,0.9956398446036494,0.6549999999999998,1.2,0,,25.825128,,2.990734450570778,3.2513479714309796,220587,161201,11.990407312509369,0.37132866396761877,12.875,12,84348,11.342706376963905,0.28812200000000177,0.2865177000000008,0.2502655000000004,0.3176481000000005,6.895484241,7.2072311584961595,7.477453532796989,7.712974469,8.048920962,6.566663334,7.356214918,7.785591151,8.05954367,8.41210668,9.26103,1.70838
01/11/1976,1,0.9994492793815639,0.905,2.1,0,,27.106194,,4.726100610067201,3.299762262655204,225228,164524,12.010811735202216,1.0328343854764293,13.4688,14.667,84478,11.344246424417426,0.2911719000000008,0.2750165,0.2416210000000015,0.3218684000000009,6.886529004,7.178121809,7.4533550056792395,7.704743322039239,8.014642027,6.530019711,7.3750416948638495,7.802520972,8.085313944,8.436461756,9.27632,1.72277
01/02/1977,1,0.9850379827890821,0.5050000000000001,0.1,0,,28.411442,,4.59409276,3.346791951353798,225362,164902,12.013106637036906,-2.905736982,8.875,11.25,82724,11.323265044472567,0.2840578000000015,0.26566150000000044,0.24635400000000066,0.3175551000000006,6.8942805021402505,7.185255377,7.468449539,7.722526883,8.034101503,6.527663204,7.367150043,7.7728979332445896,8.060855193,8.410954333,9.28387,1.73166
01/05/1977,0,0.9499531406145652,0.35500000000000004,-0.7,0,,29.398209,,3.3565548159753553,3.3809337541216897,223815,164155,12.008566382411017,-0.987627488,7.4688,8.083,82607,11.321849701681062,0.2805308000000019,0.26573400000000036,0.2421004000000021,0.3038405000000019,6.891434581,7.191336061,7.46654638,7.710292886,8.028531811,6.522127402353171,7.404752875,7.768018347067089,8.033300262,8.379031721,9.2989,1.74572
01/08/1977,1,0.8706846458887666,0.23000000000000004,0.7,0,,30.068652,,2.2297075372717035,3.4034831672626438,225295,165448,12.016412225032512,-2.336902639,5.25,7,83629,11.334145628872538,0.2956496000000024,0.2766751000000019,0.24257170000000175,0.3101786999999999,6.8904802624175705,7.1904905902617395,7.465552853,7.693872827,8.013825057,6.546080924,7.3908415065742705,7.763202994,8.036491586,8.373810104,9.32821,1.77495
01/11/1977,1,0.7460933718210028,0.13000000000000006,1.7,0,,30.681561,,1.9976460780466756,3.4236618552568605,229115,167752,12.03024197726658,0.28814579513563565,6.2188,6.333,85359,11.354621170817978,0.29329420000000234,0.2849671000000015,0.24849470000000123,0.3172010000000012,6.904013642,7.216363141,7.49968605,7.753152193,8.070635965,6.517687164,7.358422886,7.753432728,8.03376671,8.381671674,9.35842,1.805
01/02/1978,1,0.9391273712472062,0.33,0.9,0,,31.227081,,1.7469452236025513,3.441285699107194,231258,168530,12.034869054470066,-0.444500137,6.0156,6.5,87414,11.37841073188205,0.2905716000000022,0.2668766000000002,0.2501034,0.3152912000000015,6.90605955,7.2121886457019295,7.503490451,7.750608826,8.081725185,6.53161663,7.384285475,7.777819376,8.04705645,8.404634716,9.38093,1.82777
01/05/1978,1,0.9984490027568629,0.78,1.1,0,,31.761155,,1.681532047559355,3.4582440022164302,233910,170138,12.04436515143551,1.1206303867849807,9.3281,8.833,87112,11.374949926025897,0.2792349000000024,0.26385810000000237,0.2460662000000022,0.30565450000000094,6.899094745022549,7.215021131,7.497988428,7.7499266436341205,8.06207459,6.577645554,7.4033692583496205,7.795501458529239,8.079415876,8.426361894,9.42779,1.87487
01/08/1978,1,0.9996361128749679,0.9549999999999998,1.4,0,,32.363799,,1.8620928896511857,3.477040483321932,237107,171996,12.055226499711216,0,9.1875,10,89113,11.39766050629526,0.28871980000000186,0.2748772000000009,0.2522685000000014,0.3196269000000011,6.917687941,7.229714128,7.519609574,7.769874443,8.090923899,6.561801743309831,7.3674882864307305,7.76231836,8.053986944,8.412638308,9.49567,1.94305
01/11/1978,1,0.9980924373277225,0.7550000000000001,0.9,0,,32.998765,,1.924211406093527,3.4964701365237514,239186,173318,12.062883336438086,1.894985664173586,11.6406,11.667,88532,11.391119347561936,0.2850246000000018,0.28225530000000054,0.2487890000000003,0.31555980000000294,6.932378405898749,7.248113456,7.541640827,7.783976109,8.114441531,6.5514821523973605,7.385151766,7.782209372,8.063956086,8.421545878,9.56353,2.01089
01/02/1979,0,0.9775244349231064,0.4550000000000001,-0.3,0,,33.903503,,2.668567905800182,3.523518342381217,238472,171925,12.054813614188037,0.402561043,11.375,13.5,90196,11.409740359169403,0.30159180000000235,0.2726515000000014,0.2537641,0.3220097000000005,6.9078878599119005,7.235799678,7.519072175,7.769853104,8.110352233775181,6.554859936,7.384838445,7.792212175,8.085649108,8.434940543,9.61501,2.06179
01/05/1979,1,0.9999754067336788,1.28,4.4,0,,34.626571,,2.0881882875436837,3.5446213353193867,248867,179331,12.09698853923875,0.1376101977832791,13.375,12.667,95453,11.466389258728078,0.2931762000000003,0.27850120000000106,0.2526328000000006,0.3200276000000007,6.892971796782369,7.207001509,7.509833984780809,7.77280855,8.09787621,6.526174465,7.344996225,7.767592308,8.074297726904211,8.432994277,9.68937,2.13653
01/08/1979,0,0.9589378037771707,0.37999999999999995,-2.2,0,,37.159617,,6.816663368731704,3.615222607111037,243369,175150,12.073398028625633,0,13.3906,14.333,91444,11.423482042043862,0.3022550000000014,0.2893701000000002,0.26015890000000047,0.3252929000000016,6.882170475774481,7.212556615,7.504819775,7.783386499,8.096945678,6.4583734377821305,7.355716838,7.75947572,8.06848679,8.42715542,9.76331,2.21047
01/11/1979,1,0.9663666029400373,0.4050000000000001,1,0,,38.410327,,3.2561815992871006,3.6483263557295413,245858,177006,12.083938909286516,2.1890392108793404,15.875,16,92738,11.437533592045453,0.3008519000000002,0.2931002000000012,0.2636603000000022,0.32096660000000277,6.863133902,7.191544293,7.509990012,7.788359555,8.1196635,6.509422931,7.35632695,7.755922163,8.056170072,8.412748423,9.82779,2.27419
01/02/1980,0,0.8706846458887666,0.23000000000000004,-1,0,,39.940197,,3.830401737878247,3.687383260374103,243513,175338,12.07447081866712,0,16.2656,17,94349,11.45475595,0.2933261000000012,0.26715170000000155,0.25271830000000123,0.32602570000000186,6.921868383443379,7.259679763,7.558039243,7.803072640166651,8.131089101,6.530901477570381,7.373024666,7.77771015,8.081383454,8.433996847,9.86646,2.31353
01/05/1980,0,1.166109531625737e-05,-1.37,-2,0,,41.541459,,3.854611846926237,3.726691940604407,238722,172214,12.056493168484044,0,15.6719,17,91788,11.427236849109866,0.28616310000000256,0.2807807000000025,0.25591710000000095,0.3202249000000012,6.877695364,7.212108366140489,7.4991276462584695,7.756601158,8.104098298,6.467686490036471,7.343332678,7.756269159,8.044852539610119,8.411394985,9.90569,2.35233
01/08/1980,0,0.000905383,-0.845,-0.1,0,,42.562745,,2.3994833979810193,3.7509793401339864,238432,171857,12.054418014645961,-0.501684185,14.3594,16,92958,11.439903057224347,0.3001347000000009,0.2956083000000015,0.27067710000000217,0.33272650000000137,6.86198271,7.1971498770074005,7.535791457,7.795878576,8.138497885,6.501930854,7.360628799,7.774332015,8.070118463,8.463918075,9.94544,2.39243
01/11/1980,0,1.166109531625737e-05,-1.37,-1.1,0,,43.53326,,2.2293643986230274,3.773525243639877,235866,169911,12.043030049531263,-0.513938916,13.0469,14.667,91082,11.419515478654198,0.29163420000000045,0.2863754,0.26480360000000114,0.3341966000000026,6.865186154,7.202211602805741,7.49111232,7.75387395,8.125922117,6.470972904,7.343252741,7.765726257,8.063355643,8.468680933,9.94736,2.39425
01/02/1981,0,7.53213173047521e-05,-1.145,-0.1,0,,44.727138,,2.6692474711885166,3.800580431494279,235712,168805,12.036499481558385,-1.095475125,11.7969,13.333,92703,11.43715611348984,0.30062980000000056,0.2845662000000021,0.2680762000000023,0.33838240000000075,6.909192512,7.208969095,7.510095656516641,7.786841288,8.147445971,6.471166609120591,7.343911401,7.756680028,8.067575221,8.454679443,9.94932,2.39608
01/05/1981,1,0.007150528,-0.595,0.2,0,,46.300971,,3.3991360569954367,3.835162932794527,236272,169097,12.03822779374763,0,11.9063,12,92610,11.436152406164314,0.3014247000000011,0.2831325000000025,0.26244510000000226,0.3289117000000015,6.921494797,7.231653131773109,7.526624416,7.798410415,8.158622973,6.538039837,7.373180856,7.782532367,8.092658300812861,8.47836943,9.97613,2.42303
01/08/1981,1,0.079733909,-0.295,1.1,0,,47.300392,,2.112923292,3.856518582989973,238846,171362,12.051533556948668,1.237233781022364,15.7188,12.333,92638,11.436454703627318,0.2979041000000027,0.2888981000000006,0.2681470000000018,0.33189670000000304,6.914423081,7.223496717,7.505303597201509,7.780404537,8.147109827,6.486550121,7.379200107904291,7.802096223640279,8.098630309,8.476358185,9.99205,2.43886
01/11/1981,1,0.5103627866280817,0.005,0.1,0,,48.390393,,2.2525152874869208,3.8793013022849574,239131,171388,12.051685271026274,0.194740495,14.7969,15,92376,11.43362248363169,0.2992978000000008,0.29038310000000045,0.26477750000000017,0.33697440000000245,6.8986772457975905,7.189846588,7.500800318,7.776429790746691,8.138432897,6.469395213236259,7.367294429486971,7.8028895336642305,8.104954248,8.516947022,9.97231,2.41948
01/02/1982,1,0.6600042889320982,0.08,0.2,0,,49.299107,,1.843266653896989,3.8979059672943275,239578,172075,12.055685707266566,-0.015821997,12.4375,13.5,92711,11.43724241,0.3012666000000022,0.2581345,0.26570140000000037,0.33903350000000004,6.889552909,7.168409614595061,7.477694353,7.744539531174159,8.102442448,6.412272763,7.332139826013069,7.765356461864631,8.08132623,8.443349539580069,9.94736,2.39425
01/05/1982,1,0.9261419201165699,0.305,1.1,0,,50.189405,,1.7738763788891327,3.915803948645386,242095,174284,12.068441431540178,-0.293799398,12.3438,12.833,92651,11.436595024963408,0.28924010000000255,0.2676206,0.25515400000000155,0.33196830000000294,6.9283174849327995,7.2049440871829304,7.497364557,7.771045913,8.120319233,6.407847429029659,7.367825561,7.804124976,8.104523563,8.481732001,9.99017,2.43712
01/08/1982,1,0.6600042889320981,0.08,0.2,0,,50.749042,,1.102753821441599,3.9268927408964363,242639,174314,12.06861354956767,-0.437202754,9.7656,11,94273,11.453950107369572,0.2981109000000023,0.2614705000000007,0.2630063,0.3363152000000024,6.940092988,7.214512596713891,7.513093298,7.787749315,8.142525199980991,6.485675166506881,7.3757506900803405,7.813780788,8.118611014,8.504143506,10.01503,2.46215
01/11/1982,1,0.8706846458887666,0.23000000000000004,0.7,0,,51.504048,,1.4659158441293674,3.9416604065224674,244317,175264,12.074048687583447,0,9.75,10,95114,11.46283145115816,0.2945463000000005,0.26351220000000175,0.2584597,0.3350966,6.89863231,7.21166067,7.503613582,7.770414318630331,8.123025514094541,6.44660933,7.367126101,7.812560175,8.126178302,8.503449947,10.02946,2.47654
01/02/1983,1,0.9956398446036494,0.655,1.9,0,,52.059141,,1.0662738365198907,3.9523803992382036,249032,177911,12.08903870423254,2.2696989286452967,10.3125,10.833,96604,11.478375427210823,0.3039452000000018,0.2826611000000021,0.2662357000000016,0.3526002000000013,6.933750296604821,7.218907654,7.506270065161811,7.769180151,8.143947892,6.387568958386209,7.372390722115959,7.8130678188113905,8.119603727,8.54385864,10.05857,2.50553
01/05/1983,1,0.9900652902434032,0.5549999999999999,0.7,0,,52.363589,,0.5814116370060134,3.9582114833832227,250761,179346,12.097072179951752,-0.585553118,9.3438,9.833,97264,11.485184209988503,0.2830060000000024,0.2742177000000019,0.27088470000000225,0.3401748000000032,6.905009175,7.209412796097451,7.499575399,7.783506896,8.153799268,6.504157823,7.381366927,7.820875644,8.124793245,8.534883558,10.09274,2.54003
01/08/1983,1,0.9987390024690026,0.8049999999999999,1.2,0,,53.165372,,1.5080925230806255,3.973407282163118,253655,181548,12.109275360532836,0.6378316296544444,9,9.5,98931,11.502177916423465,0.2815765000000007,0.26427780000000123,0.2697968000000024,0.3513706000000018,6.904724548,7.212429928,7.5044938895021005,7.775632005,8.152152336,6.373381999,7.356788089,7.800871427,8.113790373,8.526042419,10.13392,2.58097
01/11/1983,1,0.9987390024690026,0.8049999999999999,0.7,0,,53.83645,,1.2465123536191585,3.985950747055608,255533,183812,12.121668775129441,-0.312610811,8.844,9,99042,11.503299281575597,0.2926036000000008,0.26946210000000176,0.2677371000000016,0.34681450000000186,6.891805521,7.214336028,7.518536138,7.792464168398089,8.160965749,6.431938323,7.377401641,7.8049681132706406,8.123198895,8.545573395383549,10.14195,2.58852
01/02/1984,1,0.9878048980330412,0.53,0.8,0,,54.202372,,0.6751032962173642,3.992724671,257683,185700,12.131887747340798,-0.106697427,8.406,8.917,99757,11.510492507728525,0.28791640000000224,0.27728080000000227,0.2825457000000023,0.3476478000000023,6.817110053,7.19804425,7.522214494585881,7.807725564,8.168686351,6.466976423,7.3562509592854495,7.820866701,8.140656289,8.528419698,10.14992,2.59675
01/05/1984,0,0.7048702693306869,0.10499999999999998,-1,0,,54.78314,,1.0601217819935222,4.003382482382043,255100,184520,12.125513137671756,1.2206579157307536,8.75,9.083,100654,11.519444171957344,0.2981944000000018,0.2916520000000021,0.27582310000000126,0.3541072,6.803805525,7.2019955449566995,7.5137921,7.785748356,8.137701726,6.338406288,7.280474288,7.769316871,8.109459941,8.513167134486709,10.18116,2.62829
01/08/1984,1,0.4586376588147396,-0.02,0.7,0,,55.243831,,0.8339229768478531,4.011756678055257,256975,185463,12.130610680218211,-1.666572684,10.125,11,100162,11.514544154185685,0.2853362000000002,0.25941790000000164,0.2836689,0.3601199,6.774337005266879,7.19448394,7.521211773,7.804140084250161,8.160889878926909,6.320378104924959,7.308030235,7.785544228,8.106513161,8.535865231164749,10.21888,2.66584
01/11/1984,1,0.8922863938601977,0.25499999999999995,1.8,0,,55.81474,,1.022864211138492,4.022037992209855,261627,188202,12.145271133069512,-1.334641885,9.156,10,102125,11.533952832162305,0.2964536000000027,0.29124570000000083,0.28115710000000255,0.35679240000000034,6.794526116245151,7.212527876,7.547683505718649,7.838626252202641,8.188103334,6.366002065,7.312707766,7.789633704878059,8.118723845,8.555348136,10.23362,2.68034
01/02/1985,1,0.9261419201165699,0.305,1,0,,56.599149,,1.3859024629504528,4.0359939497604165,264127,190542,12.157627921689361,1.7552363944313125,12.375,13.833,103157,11.544007378533257,0.2866034000000021,0.25608270000000033,0.29173830000000145,0.36283250000000117,6.803834077,7.210870844,7.575387805,7.8603382494678105,8.218847744,6.463130919,7.390305507,7.8407022362777195,8.180715229,8.610009716,10.23362,2.68034
01/05/1985,1,0.999870892,1.0799999999999998,2.1,0,,57.479428,,1.5314679192701806,4.051427109873906,269787,193572,12.173404815265789,0.23531134849510327,12,12.5,103928,11.551453630675569,0.3128109,0.3100211000000001,0.2988281,0.3545434000000018,6.779784253,7.172189611549349,7.516566806,7.827414151,8.214420295,6.446970257,7.390253528584529,7.856766574006969,8.161272525,8.597187818285219,10.26945,2.71602
01/08/1985,0,0.9994492793815639,0.905,0,0,,57.93306,,0.78302786,4.059288206085308,269737,193604,12.17357011,-0.545425175,11.0625,11.5,105679,11.568161476623049,0.3171629000000029,0.3114438000000025,0.2889852000000003,0.35053040000000035,6.815526464,7.24481521,7.582546437584679,7.858204733,8.220040582,6.481952618,7.395005846427511,7.841673673,8.160704179,8.579961538,10.29035,2.73696
01/11/1985,1,0.9816549480842628,0.48000000000000004,0.1,0,,58.383705,,0.771867767,4.067036826927147,269896,194943,12.180462487123355,0,11.1563,11.5,107277,11.583169553358738,0.29107470000000263,0.26822200000000196,0.2987643000000017,0.3488445000000015,6.759186357285899,7.201451988454839,7.56318171,7.870871038,8.237577223,6.451706860406969,7.393256398,7.8669697899196205,8.194536629191411,8.584754939,10.32427,2.77134
01/02/1986,1,0.9816549480842628,0.48000000000000004,1,0,,58.816966,,0.736625891,4.0744303507006325,272720,197824,12.195133025491788,0.3296297563494974,10.8438,12.167,110611,11.613774820629322,0.29093440000000004,0.2763666000000022,0.2877434000000006,0.3543265000000002,6.850744105,7.243088492580901,7.57287887,7.859650275,8.226242106,6.4271729778665305,7.367797967,7.823648167,8.148967368,8.576458174,10.34406,2.79117
01/05/1986,1,0.8164464677423128,0.18,0.9,0,,58.891626,,0.12677523965801438,4.075698907375105,275136,200457,12.208355038887705,-0.784233013,9.2186,10.167,112417,11.629970450556874,0.3076048000000017,0.2924176000000007,0.3120126000000021,0.3565144000000027,6.8271909482036595,7.2383394002204104,7.600741081786561,7.9197053863904605,8.318253413474311,6.574600479,7.4341292626567395,7.87231439,8.192962436,8.653366308,10.38881,2.83556
01/08/1986,1,0.9391273712472062,0.33,0.6,0,,59.416476,,0.8833408430348523,4.084571562,276863,201940,12.215725902558312,0,10.375,10,113088,11.635921555679369,0.3298489000000005,0.33607390000000104,0.31058940000000224,0.3564557000000003,6.813162335,7.231684659,7.601008518,7.92776847,8.322868385,6.606744131,7.4435971022919105,7.882378781,8.227207456,8.673227748863031,10.43161,2.87864
01/11/1986,1,0.9984490027568629,0.78,1.9,0,,59.856546,,0.7352078083489793,4.091950799456728,282193,205689,12.23412059827533,1.0421916526265322,10.6563,11,113843,11.642575585192331,0.2866479000000019,0.29483529999999997,0.3008538000000029,0.34277510000000305,6.844654611,7.279196209,7.637063078,7.923953962,8.303515395,6.627740785,7.453542045,7.888076428606251,8.220593562,8.650596285,10.46113,2.90799
01/02/1987,1,0.9971153092675951,0.7049999999999998,0.7,1,,60.557485,,1.157477064973881,4.103593079,284172,206875,12.239870025113465,-0.580626393,9.094,10.667,115723,11.65895468339973,0.34413220000000083,0.32615480000000163,0.3222259000000014,0.3677957,6.812173663,7.251030626,7.641953897,7.941445658929211,8.372839931,6.506107232,7.415834967,7.8830861111078505,8.219271199877781,8.692659213,10.48977,2.93651
01/05/1987,1,0.9991665984400779,0.855,1.5,1,,60.709247,,0.24998168730374462,4.106096025836959,288385,209421,12.252101858923167,-0.744477684,8.8594,9.167,117906,11.677642975815822,0.3134078000000006,0.3018834000000005,0.3210924000000028,0.36284170000000304,6.841660401,7.2931263502475305,7.653402934,7.994179256,8.394204282,6.589896356,7.46166429,7.896896213,8.24151618,8.699149,10.53399,2.98113
01/08/1987,1,0.9999837529688501,1.33,2.5,1,,61.155458,,0.729633976,4.1134191140781535,295493,214386,12.275533407539282,1.7878488955365057,9.813,9.667,120868,11.702454320013535,0.31168950000000184,0.32518350000000257,0.31507740000000023,0.3565303,6.830187699,7.255827631,7.619331262,7.934476128,8.360391221,6.576646836,7.439407363,7.91388685,8.239251449,8.656619501,10.58147,3.0282
01/11/1987,1,0.9999147042638015,1.1300000000000001,1.1,1,,61.84658,,1.1174781208597144,4.1246568022409535,298855,216772,12.286601388915368,-2.138482047,8.313,9,123543,11.72434455258788,0.32394190000000084,0.31303299999999995,0.3199209000000001,0.365193,6.812415769,7.2506156561615205,7.631997580872009,7.95015467,8.373786632,6.530481807963111,7.408545836526169,7.892975479,8.238680324376391,8.708550371585499,10.63902,3.08603
01/02/1988,1,0.9999867945738178,1.355,1.6,1,48.554,62.357961,,0.8200733183049396,4.132891346413188,303698,220563,12.303938647346198,-0.090749891,8.25,8.667,126385,11.747088082766872,0.32375760000000187,0.30889220000000184,0.3197567,0.36292900000000133,6.849778502,7.305604832545311,7.686276565,8.001455732,8.407783954,6.574257475,7.472205093,7.928878056,8.27572496,8.719217618,10.68013,3.1272
01/05/1988,1,0.9998950598448472,1.105,0.5,1,49.513,63.0302,1.9368650657403028,1.066534772220297,4.143613976612163,305281,221915,12.310049704653167,-0.567159156,9.25,8.333,127974,11.759582397269078,0.32539300000000154,0.3307376000000022,0.3214214000000007,0.37075470000000016,6.821404873334489,7.294206782613631,7.660162449573781,7.982118701,8.414856945,6.520805224207431,7.430277775696241,7.927064927,8.281218433,8.704735383468421,10.73876,3.18553
01/08/1988,1,0.9984490027568629,0.78,1.2,1,49.907,63.852742,0.7894684112449123,1.2881858699192568,4.156579525957404,309097,225222,12.324841861417609,1.7286618504465547,11.563,11.5,131153,11.784119859604502,0.3265497000000017,0.3185371000000011,0.3157341000000013,0.3671394000000005,6.83432877,7.325774878,7.716313115289551,8.003054551,8.417993067148771,6.530690869,7.44446575,7.919253922773319,8.264399471,8.724338226,10.86357,3.31054
01/11/1988,1,0.9971153092675951,0.7049999999999998,0.8,1,50.496,64.666666,1.1664290240811266,1.2586453738004788,4.16924586,311574,226956,12.332511445076454,0.4896225654621853,12.61,12.667,132554,11.794745388553434,0.30474580000000207,0.29335280000000286,0.31959510000000296,0.3499200000000033,6.820874153,7.302038925,7.681108853,7.98901105,8.405258064,6.6041288523021295,7.477834699,7.920226247822231,8.264148127177629,8.689830548138621,10.9232,3.37005
01/02/1989,1,0.9724899714527474,0.43,0.5,1,50.961,65.554174,0.9124624713015763,1.3538542946174514,4.182876884765203,313083,227867,12.336517404398162,0,12.531,13,133269,11.800124920981428,0.31860390000000194,0.30071460000000105,0.3135733000000026,0.35237790000000274,6.822085892,7.317304514,7.6859298812465795,7.995349466,8.385381315,6.5997437376655705,7.462779085,7.909058844059171,8.258769342,8.677254799939771,10.94403,3.39081
01/05/1989,1,0.9775244349231064,0.455,0.6,1,52.126,66.329288,2.2349691133023812,1.168584834,4.194631549272104,315039,229428,12.343344533770404,0.22593685686618237,13.5938,13.667,134281,11.80768989819165,0.3096003,0.3111936000000011,0.3132383000000029,0.35867310000000197,6.829618876,7.305702563,7.687260305194389,7.994982889,8.38262061,6.558185663803551,7.467476566945971,7.915946302,8.255137607,8.685932825,10.97948,3.42622
01/08/1989,1,0.8455008278039549,0.20500000000000002,0.2,1,52.461,67.132859,0.6385696040868472,1.1969861137598667,4.206673626,315554,229931,12.345534542896331,-0.442137664,13.9688,14,134559,11.809758043550147,0.3249834999999999,0.31144520000000253,0.3182560000000007,0.3672756000000013,6.841471282,7.335720611,7.707186538,8.037328366,8.433208367679901,6.536759546,7.480822738160519,7.939088806,8.280877132,8.762657763,11.01372,3.46072
01/11/1989,0,0.5103627866280815,0.005,0,1,53.276,68.19326,1.529769502,1.554993851298499,4.222345732986237,315515,230645,12.34863501,0.7309284086042496,14.5,15,136030,11.820630728627476,0.3231982,0.3194941000000001,0.31540700000000255,0.36075180000000184,6.8516800380074505,7.328152609,7.713662934188299,8.03359923,8.43361482,6.559936376,7.467482786918801,7.943244195627639,8.290552946,8.737207659,10.99429,3.44106
01/02/1990,1,0.5103627866280815,0.005,0.5,1,53.936,69.388536,1.2236725007416134,1.7225842608929043,4.239721666547946,317117,233919,12.362730180568613,0,14.5781,15,137169,11.828969021222068,0.32961800000000224,0.3217179,0.32988400000000295,0.37114010000000003,6.8515450489363605,7.3406577548405005,7.730768381,8.047500615,8.47914971,6.555954057,7.467275131,7.929664247,8.283477345,8.754233991,10.9725,3.41936
01/05/1990,1,0.5618669628409578,0.03,0.7,1,55.625,70.74385,3.0364044943820225,1.9158046953904726,4.259065606950028,319239,235635,12.37003927660215,0,14.4063,15,138840,11.841077469975723,0.32177960000000283,0.31180670000000266,0.3304937000000001,0.3640497000000019,6.873401265,7.356316702,7.757226958,8.085171966,8.508521666,6.610680113980821,7.534088732,7.994490167,8.344183239493729,8.781659102,10.96346,3.41049
01/08/1990,0,0.079733909,-0.295,-1.1,1,56.42,72.150512,1.4090747961715733,1.9496216464825797,4.278754381521797,315744,233141,12.359398699732875,0,14.2969,15,137946,11.834617583211992,0.33040210000000314,0.31985720000000256,0.32644150000000083,0.3737133000000002,6.836020359,7.31934936,7.70044353,8.054022302,8.455403778,6.563356758,7.445996635,7.949705350401129,8.299758701,8.759739209,10.98144,3.42849
01/11/1990,0,0.029817319,-0.42,-0.5,1,57.458,73.568163,1.8065369487277607,1.9269898039998528,4.298212364,314148,231894,12.35403564968769,-0.262770303,13.4063,14,137068,11.82823243203413,0.3233228999999999,0.3151030000000028,0.3213304000000009,0.36651810000000346,6.863598964,7.396284301,7.788349838,8.098649403,8.500005749,6.561870172,7.5036982613205705,7.9776617304787205,8.339616929,8.789129388389501,10.96649,3.41346
01/02/1991,0,0.003852208,-0.67,-0.5,1,57.698,74.27269,0.4159589587160768,0.9485680402850615,4.307743320225521,312596,231383,12.351829625182981,0.6565469596156852,11.5625,13.167,135949,11.820035094388105,0.31096990000000235,0.29706480000000207,0.3290759000000006,0.35843690000000167,6.841021382,7.367585695,7.749046419,8.079585156,8.499843863,6.629505926,7.559775067,7.987509577,8.330818264,8.765459292,10.95231,3.3992
01/05/1991,0,0.000736009,-0.87,-0.1,1,60.263,76.654369,4.256343029719725,3.1070362082036125,4.3393066030411065,312235,230609,12.348478914676488,0.22989160804804776,10.7188,11.667,134414,11.808679868312883,0.30522770000000154,0.2913407000000023,0.3186918,0.37194460000000007,6.90908025,7.405992161991531,7.7932315211973195,8.106588359,8.496169104,6.619468666,7.533540618,7.97093354,8.336912711,8.784602135,10.94822,3.39518
01/08/1991,0,0.0047353,-0.645,-0.2,1,60.794,77.707093,0.8734414580386203,1.3547334733008192,4.352946540208484,311624,229923,12.345499749244429,-0.087192621,9.6875,10.833,134665,11.810545491960967,0.30361740000000065,0.2939061000000027,0.31283710000000176,0.36543140000000157,6.90438171,7.414154518,7.787437652,8.094326575,8.491203287,6.576663369,7.520156293,7.98578909,8.34391864,8.789211195,10.96749,3.41444
01/11/1991,1,0.016234463532614537,-0.495,0.1,1,61.484,78.75967,1.1222431852189265,1.3364416077416263,4.366401063818013,312006,230595,12.34841820401481,0,10.125,10.5,133979,11.805438350233837,0.31143589999999993,0.30317390000000183,0.32123090000000304,0.3691712,6.85842975,7.395242382,7.767417567,8.079219099868281,8.493645162301199,6.545125315,7.515435884,7.969471341,8.316026905,8.801842448,10.95841,3.40519
01/02/1992,0,0.044454162,-0.37,0,1,61.717,79.454812,0.37752969198113484,0.8748897423607321,4.375188457542613,311904,231898,12.354052898799361,0,10.25,10.5,133825,11.804288255261582,0.3282891000000015,0.3079895000000005,0.3252184000000019,0.37476470000000006,6.823710801,7.279541705,7.677198332,8.009817739,8.411245158,6.540384426867501,7.4825519621769505,7.952793093,8.319591572227061,8.791899545,10.94207,3.38912
01/05/1992,0,0.036435019,-0.395,-0.2,1,62.848,79.931224,1.799579938900204,0.5960274047598674,4.381166564919903,311418,232154,12.355156223538698,-0.431577995,9.4375,10.167,136528,11.824285000776365,0.33577770000000245,0.3161025000000026,0.3272480999999999,0.3792097,6.791302963,7.25113133,7.654597825,7.980942155113899,8.405503344392809,6.5070657086799395,7.472869761,7.962622319035059,8.313159698,8.776061551,10.9181,3.36488
01/08/1992,1,0.13894123759559557,-0.22,0.5,1,62.722,80.278423,-0.200886451,0.4324935481106839,4.38550088,312896,234152,12.363725756108414,-0.486767769,8.3125,9.667,138442,11.838206744336636,0.31999109999999986,0.3006478000000024,0.3259635,0.37716830000000034,6.836467969,7.286428123,7.685849623,8.022297312,8.439613823,6.621384943,7.534996747008551,7.9875435347119295,8.359715617,8.852032226,10.92103,3.36799
01/11/1992,1,0.4077888450084491,-0.045,0.8,1,63.12,80.85233,0.6305449936628583,0.7098212259312642,4.392624404408109,315307,236250,12.37264584535599,-1.047484269,6.5313,7.333,139102,11.842962755953389,0.3170076,0.30122800000000177,0.32585590000000053,0.3561900000000023,6.812532279,7.26440618,7.6659921070077495,7.9758066736758595,8.407845271,6.607878455,7.555691342,8.004879559,8.354503795,8.786692696,10.88206,3.32899
01/02/1993,1,0.6600042889320981,0.08,0.5,0,63.183,81.279536,0.099710365,0.5256009335486342,4.397894275,316882,238726,12.383071729729936,-0.805569161,5.5313,6,140590,11.853603132073953,0.3156281000000025,0.30816850000000134,0.3239897000000004,0.3706786000000001,6.824158505,7.287964921898269,7.685083031,8.011592665410431,8.421521724,6.638821983,7.554145055,8.012751576,8.366026484,8.840183337,10.88714,3.33399
01/05/1993,1,0.8706846458887666,0.23000000000000004,0.4,0,64.402,81.910504,1.8927983602993714,0.7703139025979012,4.405627236603441,318302,240363,12.389905559648057,0,5.3438,6,141236,11.85818752905222,0.3344641000000031,0.31545400000000184,0.32274840000000304,0.37032409999999993,6.833418901381339,7.286368931109959,7.663877498,7.981948377,8.406249821,6.637085327,7.533569441593531,7.986791242,8.341557616,8.811092316,10.89522,3.34215
01/08/1993,1,0.9391273712472062,0.33,0.9,0,64.514,82.526152,0.17360572898904855,0.7460035214049398,4.413115237048066,321218,242825,12.400096298270531,0,5.2188,6,143835,11.876422088255891,0.3198502,0.30804050000000077,0.3263636999999999,0.3629979000000026,6.826931184,7.262542685370841,7.6574506019479704,7.991703017,8.417964108,6.664803378,7.545133950552799,7.9794618491911695,8.3503592,8.813447725435239,10.91612,3.36315
01/11/1993,1,0.9261419201165699,0.305,0.7,0,64.652,82.833843,0.2134504733032315,0.37145566215007736,4.41683671,323400,245157,12.409654100618287,-0.31813753,5,5.667,144947,11.884123437343623,0.31937580000000243,0.3123149,0.32903100000000074,0.37295750000000005,6.841298791,7.258525971,7.653910652,7.9811973080708105,8.409939421087019,6.611687749,7.529260918,8.003098163303859,8.385164766,8.833896794,10.89722,3.34427
01/02/1994,1,0.9724899714527474,0.43,1,0,64.745,83.188468,0.14364043555487455,0.42629105755379293,4.421108732451265,326585,248574,12.423495866909477,-0.080260576,4.9063,5.333,146590,11.895394853284078,0.31709040000000105,0.29788429999999994,0.31889760000000106,0.37021070000000006,6.824524833389841,7.286332934855389,7.66972798,7.981806344,8.397808058,6.539392201,7.518700806,7.994198128,8.344472236,8.785555793,10.90821,3.35515
01/05/1994,1,0.9900652902434032,0.5549999999999999,0.9,0,65.689,83.58206,1.4370747004825595,0.47090488078422355,4.425828903760784,329584,252248,12.438168009542203,0,4.9375,5.25,146576,11.89529934425499,0.3462697000000022,0.3286083000000018,0.32373050000000014,0.38005770000000005,6.856334015,7.3032775128057095,7.685336924,8.015628062,8.424656549,6.579772422,7.576156955790671,8.030560944507709,8.405151928,8.86574358,10.92203,3.36902
01/08/1994,1,0.9919101444309857,0.5799999999999998,1,0,65.619,83.976792,-0.10667642,0.47004891541939914,4.430540474955099,332911,255968,12.452807715648548,0.5756462932987647,5.6563,5.417,148026,11.905143212992764,0.3369850000000029,0.32226710000000147,0.31591270000000066,0.3707234000000002,6.893084576,7.3281315153666196,7.702199261,8.016451704,8.435874482,6.610467911,7.511850512,8.008191508,8.367326252,8.835559943,10.93854,3.38541
01/11/1994,1,0.9850379827890821,0.5049999999999999,0.4,0,65.816,84.293419,0.29931931445241694,0.3756248159776232,4.434303795531049,334363,258184,12.461427788007537,0.5757215317814754,6.1875,5.917,148659,11.909410371497613,0.3445231999999998,0.3298612000000024,0.3196013,0.3685321000000003,6.888465196,7.3401218587256905,7.701683397468949,8.021784213,8.42893907,6.631291314026459,7.518081427,7.999742986053589,8.36130394,8.808229468,10.93177,3.37861
01/02/1995,1,0.9589378037771707,0.37999999999999995,0.5,0,66.341,85.205644,0.7913658220406559,1.070615698,4.445067676,336090,259318,12.465810386780399,0,6.1875,6.583,148324,11.907154349152322,0.3409361000000003,0.3234920000000023,0.31521380000000204,0.37753190000000003,6.9048257754995594,7.344901362,7.711187919,8.037540581,8.447235196,6.603200959820629,7.546698777,8.021540544,8.381636551,8.839487686,10.923,3.37005
01/05/1995,1,0.8455008278039549,0.20500000000000002,0.2,0,67.295,85.695301,1.417638754736619,0.5713930568958431,4.450797993295336,336789,261086,12.472605133946704,0.42178810036983183,6.3125,6.75,149650,11.916054513280844,0.33239140000000045,0.3145160000000015,0.31441760000000046,0.3704748000000003,6.8828473094076195,7.35028664,7.719288696,8.03331257,8.437095855,6.630099676,7.576684615,8.031829602,8.40711035,8.841449826,10.9337,3.38065
01/08/1995,1,0.8706846458887666,0.23000000000000004,1.1,0,67.422,86.292858,0.18836581531250238,0.6924756160005673,4.457746836843212,340542,264444,12.485384787637757,0,6.5625,6.75,151505,11.928373906687295,0.3347266,0.32511080000000125,0.3136239000000022,0.3649446000000029,6.873171668,7.340391101333999,7.7107463723399405,8.037857258,8.428947412,6.652403985,7.588450866,8.053791782,8.395590291,8.858156398243189,10.94239,3.38912
01/11/1995,1,0.8455008278039549,0.20500000000000002,0.3,0,67.698,86.729081,0.40769298945315413,0.5029720077398241,4.462789248537377,341602,265989,12.491210233525303,-0.44958488,6.2188,6.667,152819,11.937009493534028,0.3352468000000031,0.3307277000000026,0.3257221000000028,0.3725026000000001,6.874735212,7.346305863,7.716613717,8.02457518,8.452362367,6.6506173750840105,7.5607497635015894,8.022576195,8.379472944,8.872261655,10.92885,3.37588
01/02/1996,1,0.8922863938601977,0.25500000000000006,0.7,0,68.083,87.44938,0.5654862447307039,0.8236753651083761,4.471060111673898,343859,269017,12.50252985361315,-0.514220966,5.7813,6.167,154675,11.949081420399189,0.32991680000000273,0.3117044000000018,0.31422730000000093,0.3779007,6.879060074,7.344649237,7.7122796757869105,8.026063164,8.441829807,6.6034815335586305,7.55305498,8.020297944,8.375042901,8.853034651,10.94334,3.39014
01/05/1996,1,0.91064994,0.27999999999999997,0.3,0,68.898,87.873805,1.1829080669975873,0.4829937658896179,4.475901751176344,344979,270395,12.507639131855722,-0.102490354,5.5781,5.917,157090,11.964574168493986,0.3250375000000025,0.30581850000000255,0.3227862000000027,0.36731630000000154,6.8625449529625095,7.313499293,7.690627094,8.015721281,8.448003474140659,6.634694517694981,7.5495302249407805,8.018402212,8.379451338,8.828197531,10.94429,3.39115
01/08/1996,1,0.8706846458887666,0.23000000000000004,0.9,0,68.933,88.303743,0.05077394,0.4868853633984607,4.480782496292475,348214,272642,12.515914858276933,0,5.625,5.75,159231,11.978111257054326,0.3255654000000001,0.3146961000000005,0.32069460000000066,0.37120280000000017,6.8810208922148695,7.349468804,7.728681522223041,8.03510421,8.466984232,6.599873591883201,7.52517775,8.007663451,8.380102653550919,8.826564084,10.98282,3.42978
01/11/1996,1,0.9850379827890821,0.5049999999999999,1.4,0,69.361,88.812537,0.6170614610515956,0.5728853348711441,4.486527822465256,352958,275471,12.526237638876657,0.10736154939751508,6.1563,6,161579,11.992749466129785,0.3431332000000026,0.3333548000000003,0.33107340000000085,0.36893230000000027,6.883802402,7.360290254,7.758698606,8.082327639,8.497104517153879,6.62097874,7.574915106,8.058205628074141,8.407763257,8.858268385484559,11.00018,3.44713
01/02/1997,1,0.9976540921363364,0.7299999999999998,1.6,0,69.393,89.087494,0.046114161370738364,0.30863703495801614,4.489618965478471,358611,279315,12.540095456183973,0,6.1875,6,163976,12.007475354633964,0.334137,0.3105150000000001,0.3199570000000013,0.37898400000000015,6.877458851,7.388419815,7.762737508,8.068895272,8.489537309,6.652062438,7.526832535,8.008790953,8.392416475,8.8557615,11.01367,3.46072
01/05/1997,1,0.999552335,0.9299999999999999,1.1,0,69.998,89.279172,0.8643104088688305,0.21469509148225077,4.491768224396447,362573,282613,12.55183374958996,0.6431792176647848,6.4375,6.25,165404,12.016146245076161,0.3372481000000029,0.3280789000000015,0.3220686000000023,0.3742848,6.908299252,7.409016848546891,7.792422549,8.111986936,8.518631001,6.657072494,7.607844226,8.062175674055881,8.426517805,8.873620361,11.03402,3.48093
01/08/1997,1,0.999552335,0.9299999999999999,0.9,0,70.267,89.976374,0.3828255084178793,0.7748723014777238,4.499547124757081,365942,284906,12.55991458,0.5152849719824015,6.9688,6.917,166460,12.022510319300086,0.33293410000000134,0.3164983000000021,0.3244962000000011,0.38332770000000005,6.885851870285681,7.375632399903431,7.750544995,8.084966655,8.490029769,6.615578817,7.546561862,8.030483264,8.403561691,8.904425516,11.08356,3.53047
01/11/1997,1,0.9996361128749679,0.9549999999999998,1.5,0,70.639,90.356363,0.5266212715355539,0.4205448154215711,4.503761440679076,371341,288003,12.570726175730497,-0.855487113,7.3438,7.167,167671,12.02975900501021,0.3255287000000028,0.3214059000000001,0.3291555000000021,0.3812972000000002,6.9144811718307695,7.383464159,7.755169897,8.087328899,8.513824571,6.6570654887634495,7.5538597454307395,8.051083354,8.41631651,8.883957782,11.07603,3.52282
01/02/1998,1,0.9976540921363364,0.73,0.7,0,70.484,90.54814,-0.219908064,0.211795626,4.505881642980957,374037,290348,12.578835482538139,0.1420502985823937,7.385,7.25,170010,12.043612537831775,0.3417518000000006,0.3296604000000003,0.32270840000000045,0.3679221000000003,6.943888974934951,7.424017085405009,7.789581797073691,8.110537983,8.555863276,6.8074180893142895,7.646753372,8.071784942,8.425148350285049,8.966023677,11.1009,3.54789
01/05/1998,1,0.9934146918411528,0.605,0.6,0,71.288,90.969515,1.1278195488721834,0.4632046240985209,4.510524450391815,376421,292562,12.586431889004436,0.6933419559001974,7.7511,7.333,171598,12.052909810956423,0.3471735000000024,0.33435180000000003,0.3159652000000002,0.38825270000000034,6.9269822467359905,7.41525721,7.7855270350615005,8.085451896,8.484265586,6.634480028687721,7.5679527939894795,8.050806107901039,8.412203230389501,8.914099632,11.15277,3.59977
01/08/1998,1,0.9775244349231064,0.455,0.3,0,71.246,91.236854,-0.058950678,0.29301646021244077,4.513458916330709,377650,294735,12.593831926519407,0.6483315718657732,7.2236,7.5,174074,12.067235775143953,0.35198140000000033,0.3376166000000021,0.3285452000000025,0.36645270000000196,6.924766980724449,7.3901328321525295,7.741611389805899,8.090643580360549,8.531867494,6.705155365,7.640946168,8.101056653,8.441090949136271,8.90411215,11.1954,3.64231
01/11/1998,1,0.8922863938601977,0.25499999999999995,0.7,0,71.644,91.647846,0.5555245379934263,0.44844698259466714,4.517953471554535,380155,297672,12.603747488163275,-0.587847508,6.0362,6.75,175186,12.07360354561576,0.35828140000000097,0.3491889000000022,0.3334373,0.39073070000000015,6.925637166,7.428422217,7.812203089,8.135456313,8.567358489,6.686702386,7.595209312,8.081499669,8.454731605,8.961477482923911,11.19091,3.63785
01/02/1999,1,0.8922863938601977,0.25499999999999995,0.7,0,71.579,91.981972,-0.090808757,0.3632516163058536,4.521592601325313,382789,298606,12.60688025765628,0.5438871861133592,5.0816,5.667,177816,12.088504586764602,0.3448404000000014,0.3393309000000031,0.3290380000000018,0.37209100000000017,6.954873438,7.42020971,7.786746276,8.11386786,8.549428841,6.700601552,7.640925451,8.09860554,8.451659685,8.898345341607989,11.19689,3.64388
01/05/1999,1,0.8706846458887665,0.22999999999999993,0.5,0,72.285,92.279877,0.976689493,0.3228276951431135,4.524826100404795,384605,298657,12.607051036693736,0.24365533054828692,4.9362,5.167,180580,12.10392917186147,0.3265636999999999,0.31650280000000164,0.32362760000000007,0.3740272000000003,6.962560894,7.427467877,7.776666280682569,8.104162072,8.540518714,6.709078449,7.631859089,8.093986242,8.44561893,8.907742668482909,11.23842,3.68537
01/08/1999,1,0.9900652902434032,0.5549999999999999,1.6,0,72.12,92.361835,-0.228785358,0.088735786,4.525713852197116,390758,304272,12.625677317192057,-0.023621493,5.4241,5.083,182559,12.114828687429718,0.3481055,0.33863020000000205,0.3247160000000022,0.3606572000000002,6.9486269612643605,7.475068242,7.828529450291381,8.152728673,8.582042253,6.843674495,7.670817226,8.124086629,8.471442368,8.932447136,11.2953,3.74218
01/11/1999,1,0.9976540921363364,0.7299999999999998,1.4,0,72.46,92.660048,0.4692243996687679,0.3218355768604869,4.528937398011248,396357,308317,12.638883753450362,0.011195666807940707,5.5457,5.417,185954,12.133254610280769,0.3483614000000033,0.3373805000000007,0.3229487000000015,0.3654466000000031,6.9853361944381795,7.482592014,7.854097011091739,8.166245052,8.584101258,6.755705969,7.68235018,8.115490122,8.476830434,8.944202682,11.3206,3.76746
01/02/2000,1,0.9991665984400779,0.855,1.2,0,72.144,92.732778,-0.438012863,0.078429657,4.529722002305818,401242,312542,12.652494139127722,0.85322293,6.1176,5.917,190016,12.15486355812343,0.3432079000000021,0.3347391,0.3336376000000023,0.3767246000000003,6.971198675582951,7.461198609919631,7.850254397,8.177733063,8.621313993,6.83124938,7.675752764,8.118857629,8.500812324375019,8.991983599,11.34593,3.79279
01/05/2000,1,0.9994492793815639,0.905,0.7,0,72.74,92.854839,0.8193566125927818,0.13145356915647896,4.531037402757346,404196,315650,12.662389283795772,-0.338919657,6.07,6,190372,12.156735331701663,0.35339550000000053,0.34741270000000085,0.32606250000000186,0.3802321000000001,7.005775988,7.509582287,7.873419970790789,8.204645092,8.618340047,6.817007274,7.679547089447521,8.113953820136409,8.493892378218389,8.992366178348199,11.39897,3.84588
01/08/2000,1,0.9956398446036494,0.655,0.6,0,72.706,93.086155,-0.046763678,0.24849667493517885,4.533525462161062,406795,316749,12.66586494111447,-0.506242821,6.04,6,192090,12.165719291180958,0.33051940000000096,0.3270305000000027,0.3162149000000029,0.3691868,7.047103313,7.539420357,7.883045325,8.193319161,8.61319637,6.825290265,7.7039028408810495,8.130925997,8.496749837,8.986291252425529,11.41765,3.86451
01/11/2000,1,0.9775244349231063,0.4549999999999999,0.6,0,73.152,93.524458,0.6096894138232692,0.46865067103622304,4.538222984975503,409411,317688,12.668825048061716,0.11481811430165978,5.88,6,194173,12.176504793247679,0.34206520000000273,0.3276071000000003,0.31848360000000064,0.35875529999999994,7.036507584,7.507810678,7.858747081,8.181021863,8.592963691213619,6.934738667283179,7.7767200457558205,8.176373685,8.501945253459981,8.988180258,11.44704,3.89386
01/02/2001,1,0.9589378037771707,0.37999999999999995,0.9,0,72.766,93.497842,-0.530467526,-0.028466967,4.5379383558143855,413054,320100,12.676388725957954,-0.037715443,5.41,5.833,195908,12.185400440260635,0.3378305000000006,0.32693090000000014,0.3178186000000011,0.36449400000000226,7.055448329,7.537348459,7.888468817,8.196100375,8.618234365,6.872580842,7.74915216,8.189472328,8.507339188,8.994615847,11.44182,3.88875
01/05/2001,1,0.9261419201165699,0.305,0.4,0,73.842,94.262074,1.4571652988813866,0.8107523710967708,4.546078924,414878,322235,12.68303637200665,-0.652147877,5.21,5.333,197355,12.192759416468048,0.3347444000000002,0.3390466999999999,0.3244750000000014,0.36923490000000003,7.084884945,7.541224964775799,7.909318116,8.21958969,8.647950357,6.960665193,7.78580443,8.203627266,8.526248608,9.022838856,11.47729,3.92415
01/08/2001,1,0.91064994,0.2800000000000001,0.5,0,73.822,94.51666,-0.027092195,0.26935568819296335,4.548776115257628,417085,323720,12.687634223609638,-0.117081775,4.44,5,200169,12.206917288718664,0.34945840000000256,0.3551818,0.3208337000000025,0.3798476000000003,7.083377028349551,7.543385697,7.917355799,8.236376425,8.653207355,6.829432198,7.701072158415879,8.173697108042399,8.548413549,9.045036856,11.51264,3.95948
01/11/2001,1,0.8455008278039549,0.20500000000000002,0.3,0,73.899,94.527346,0.10419626787912986,0.011304665212956097,4.548889168300011,418445,324161,12.688995584934045,-0.245887749,3.98,4.167,202684,12.219403394938817,0.3359089000000019,0.3380854000000016,0.3189717,0.3623875,7.100847462,7.568094388821691,7.934809998,8.228313877,8.655500533,6.9553504249917895,7.771431977,8.168069725,8.519763472,9.017797797,11.49236,3.93925
01/02/2002,1,0.6120714651338774,0.055,0.3,1,73.892,94.952901,-0.009473285,0.448174827,4.553380989714155,419534,325891,12.694318248611252,0.5825490899898815,4.0908,4,204156,12.226639686470138,0.3351437000000003,0.3321862000000002,0.32527570000000117,0.37411170000000027,7.105515141,7.589941173181931,7.944396361,8.247784586,8.688968324503449,6.957866301,7.789743504,8.185244714,8.54827657,9.067650783,11.5245,3.97142
01/05/2002,1,0.6600042889320981,0.08,0.5,1,74.534,95.177368,0.8613518662623904,0.23584073054006305,4.555742182442367,421587,328303,12.701692241431484,-0.283442833,4.09376,4,206670,12.23887859725535,0.33734370000000136,0.32770620000000206,0.31686380000000236,0.3659837000000008,7.125628794892711,7.601375279,7.9318575142282395,8.238673122947551,8.661198034,7.001533292343391,7.794020769162151,8.190530460456591,8.547528062,9.042338187,11.603,4.04992
01/08/2002,1,0.7460933718210025,0.12999999999999995,0.7,1,74.582,95.478967,0.064358692,0.3158800408890012,4.558905982392413,424425,331081,12.710118337412796,0.043682223755383554,3.9104,4,207348,12.242153820101121,0.3430147000000004,0.3484426000000017,0.31130890000000033,0.35676760000000063,7.144421739399201,7.5843336724294295,7.92473581,8.241072789,8.659050582,6.944522169,7.783044266,8.193224653,8.525032691,8.996704111596461,11.6686,4.1155
01/11/2002,1,0.8922863938601977,0.25499999999999995,0.8,1,75.025,95.934741,0.5904698433855542,0.475087539,4.563668179061799,427725,334554,12.720553580498775,-0.654959683,3.9789,4,209735,12.25360010806543,0.33099010000000234,0.3365383000000014,0.30318470000000053,0.3616419000000005,7.131361402,7.606594976,7.968710807,8.276290013,8.649536547,6.87260255,7.743561537,8.187013262,8.523264455929471,8.983755067,11.71704,4.16392
01/02/2003,1,0.9499531406145652,0.35500000000000004,0.7,1,74.988,96.332558,-0.049341228,0.41296214723167984,4.567806350969027,430832,336308,12.725782685729694,-0.144780015,3.59025,3.833,210827,12.258793170938816,0.32807140000000146,0.32652050000000227,0.3101551000000002,0.3638469000000001,7.148050737,7.583117799201339,7.9148931900397095,8.210393746,8.639883309,6.901274391,7.750905943,8.166022985,8.512063944,9.000339428,11.73476,4.18159
01/05/2003,1,0.9775244349231064,0.455,0.9,1,75.479,96.396065,0.6505120629579084,0.06588132,4.568465381281286,434837,340795,12.73903640246817,-0.438799907,3.61089,3.75,215596,12.281161564969176,0.3433772000000002,0.33480820000000233,0.31797320000000096,0.3764776,7.13634722,7.5839167581607105,7.9365293721582395,8.235642774,8.658014003,6.879636885,7.7331259108610695,8.170516617,8.524771304,9.044098359,11.76509,4.21202
01/08/2003,1,0.9850379827890821,0.5049999999999999,0.9,1,75.609,96.807271,0.17193720324299416,0.4247676809317423,4.572722105098007,438710,345165,12.751777842552784,0.16916405459567274,3.67246,3.5,215577,12.281073433291116,0.3381307000000002,0.34634730000000064,0.30687900000000123,0.36308430000000225,7.149289815,7.61320336,7.943140030162911,8.226964184,8.635337902,7.012214557,7.7770701596071605,8.177544755,8.540329363,9.047911263,11.79223,4.23912
01/11/2003,1,0.9850379827890821,0.5050000000000001,0.8,1,76.015,97.205965,0.534105111,0.41015384189643717,4.576832077896193,442172,349680,12.764773729537197,0.10367538621789851,3.98,3.667,217295,12.289011156315736,0.3375052000000027,0.3436163000000012,0.3016008,0.36374470000000003,7.177983711,7.614300202007501,7.941532961023659,8.229469604487429,8.633519295,6.943683782475469,7.776285892,8.180632873,8.528476349,9.025038063,11.81243,4.25934
01/02/2004,1,0.9724899714527474,0.43,0.4,1,75.942,97.514215,-0.096125991,0.31610775926359747,4.579998162248557,443853,351975,12.771315429330729,-0.428536268,4.33875,3.917,218934,12.296525593514602,0.3372076000000028,0.34537780000000273,0.2977920000000011,0.3600020000000028,7.175017095764719,7.644315274,7.967169670601169,8.237841287,8.637701853,6.916366939,7.7485916562923505,8.174601406954999,8.519379605,8.967039473,11.82188,4.26876
01/05/2004,1,0.9499531406145652,0.35500000000000004,0.6,1,76.532,97.779686,0.7709193539957186,0.271499133,4.582716845854691,446443,353516,12.77568402496351,-0.174539315,4.8466,4.25,221990,12.310387614794813,0.3350421,0.3453141000000022,0.30808060000000254,0.37043380000000004,7.158694616,7.616739102814409,7.926250688,8.214455147,8.634945679,6.92948502,7.7903893192143805,8.186971578,8.547393754,9.032374912887521,11.87843,4.32536
01/08/2004,1,0.8706846458887666,0.23000000000000004,0.4,1,76.562,98.035604,0.039183929,0.2610459767249542,4.585330718813331,448171,353808,12.77650967209718,-0.550982117,4.93031,4.667,222918,12.314559269814767,0.3323591000000005,0.3357691000000012,0.3051368000000026,0.3707990000000002,7.194132841794181,7.6637289466233804,7.972970162,8.247483507,8.681848578,6.931341722,7.771379169707729,8.201889665,8.538669753,9.055167664,11.92215,4.36903
01/11/2004,1,0.7833284679208219,0.15499999999999997,0.5,1,77.114,98.607762,0.7158233265036267,0.5802362698384611,4.591149980619701,450464,356183,12.783199922702146,0.43516310519114487,4.815,4.75,223330,12.31640577721452,0.3292013000000021,0.3290476,0.3043765000000028,0.3658554000000024,7.216590927,7.658011570963559,7.960790784,8.257427027,8.683739118,7.01172736,7.821315029,8.208020686,8.552094662,9.081056509,11.92863,4.37554
01/02/2005,1,0.8706846458887666,0.23000000000000004,0.7,1,77.255,99.204627,0.18251245874052313,0.6016503645540728,4.597184656,453784,358872,12.790721057931789,-0.099575159,4.85,4.75,225908,12.327883115728993,0.3250799000000023,0.3358790000000026,0.31373130000000143,0.35602210000000034,7.193560211,7.636116551536141,7.972179334,8.269452562,8.697867875,7.069449905,7.85600706,8.236446902721081,8.592112701,9.068759941,11.92469,4.3716
01/05/2005,1,0.91064994,0.27999999999999997,0.8,1,78.03,99.690582,0.9932077406125922,0.4874632991910952,4.6020712091156755,457557,363550,12.803672118078202,-0.20928438,4.69,4.75,226932,12.332405692115273,0.33311910000000305,0.34605610000000075,0.3086552000000023,0.3571010000000018,7.224551456,7.66907139,7.981125532,8.286443376,8.689079341,7.026491446629779,7.843122258,8.217763299918111,8.566759575,9.046738109262181,11.95371,4.4006
01/08/2005,1,0.9589378037771707,0.37999999999999995,0.8,1,78.402,100.363129,0.4744776918956148,0.670113623,4.608794898772269,461135,367037,12.813217939393663,-0.331002859,4.48,4.583,228915,12.341106034593086,0.3322318000000021,0.34841260000000307,0.3145261000000011,0.3764117000000001,7.153750413813429,7.613624059,7.940056581,8.251475765,8.678547356,6.956201127,7.748434754,8.168211578,8.531767007,9.068086805,11.9775,4.4244
01/11/2005,1,0.9816549480842628,0.48000000000000004,0.9,1,78.76,100.705245,0.4545454545454597,0.33972014069376855,4.612197883770304,465451,371811,12.826140939630646,0.7373145782381982,4.53,4.5,230838,12.349471444777667,0.33341120000000046,0.3419805000000012,0.3202069000000015,0.36578550000000304,7.165804779,7.627697950606709,7.960400007,8.270688447,8.712570945,7.034755724498139,7.853543751647971,8.239390502,8.584398087,9.101345824,11.97961,4.42652
01/02/2006,1,0.9724899714527474,0.43,0.5,1,78.746,101.141485,-0.017778681,0.4313165858697823,4.6165203781622015,467840,373227,12.82994209260527,0.095318716,4.43,4.5,229582,12.344015543141783,0.3253168000000028,0.3547074,0.31711780000000017,0.3678676000000009,7.16715383,7.606977068,7.94608168,8.278018729436239,8.709601498,6.96915788,7.76192047,8.172334483,8.531781608,9.091041505,11.98653,4.43343
01/05/2006,1,0.9391273712472062,0.33,0.4,1,79.789,101.925884,1.3071977340234948,0.7695778238234298,4.624245921711611,469655,374520,12.833400485052826,-0.04684078,4.52,4.5,232320,12.355871010618568,0.3194421000000007,0.3397035,0.31077540000000237,0.3606366000000013,7.189928347,7.652675891667389,7.993431472484179,8.304088721213281,8.711408682,6.972275814,7.80727193,8.224230009,8.563668926,9.091036312,12.02342,4.4703
01/08/2006,1,0.8455008278039549,0.20500000000000002,0.3,1,80.3,102.79033,0.636363636,0.8409798859484166,4.632691282448707,470918,375451,12.835883248994985,-0.175242981,4.84,4.667,233209,12.359690326195755,0.3368874000000021,0.3486541000000031,0.31298479999999995,0.3537141000000033,7.207426478,7.625920438586739,7.975572660780419,8.309558368,8.76096212,7.071299938518809,7.847124543801661,8.239722535,8.619867386,9.11527443,12.05405,4.50095
01/11/2006,1,0.7048702693306869,0.10500000000000004,0.5,1,80.888,103.438173,0.7269310651765504,0.6263093993355904,4.638974071894626,473372,378330,12.84352210961803,0.081370077,5.08,4.917,233675,12.361686540050783,0.34225390000000017,0.3486597,0.3169708,0.36181240000000064,7.178404526,7.6436810045253605,7.992571208,8.307381374,8.768184476,6.994746177,7.814975995,8.228828167,8.587159083067881,9.104346456,12.07295,4.51986
01/02/2007,1,0.8455008278039549,0.20500000000000002,0.9,1,80.998,104.016686,0.13580582236598362,0.5561732662776825,4.644551328579574,477823,382040,12.853280594148673,0.079350079,5.38,5.25,234975,12.367234404488503,0.3370146000000007,0.3456752000000029,0.3128741999999999,0.36435320000000293,7.2177098128789705,7.682979416,8.002544943,8.304686206,8.77294869,7.012246482,7.837305075,8.236059526,8.598153851173251,9.126448061,12.08702,4.53392
01/05/2007,1,0.91064994,0.27999999999999997,0.7,1,81.833,104.556966,1.020370755074351,0.5167326680079791,4.649732052,481314,386977,12.866120538721248,-0.290281772,5.76,5.417,237169,12.37652824616518,0.32939210000000213,0.3346982000000003,0.31154810000000077,0.3601318,7.19612551,7.645145828170991,7.967179572,8.243632388,8.711340539,7.010919537396931,7.787209981,8.196482264,8.538367934,9.080279222,12.12436,4.57127
01/08/2007,1,0.9589378037771707,0.37999999999999995,0.7,1,81.741,104.618071,-0.112550617,0.058407691,4.6503163,484544,391767,12.878422554299066,-0.042245534,5.48,5.75,240436,12.390209220847689,0.3307697000000017,0.3457334999999999,0.30913480000000015,0.3595435,7.20789514,7.700480108,8.030355454,8.353690507,8.796988539,7.035475832,7.860312551,8.278500796,8.625245466,9.154838821,12.15216,4.59905
01/11/2007,1,0.9663666029400373,0.40499999999999997,0.6,1,82.578,105.605381,1.0135871539635293,0.9349050120845582,4.659709326,487413,392205,12.879539941260775,0.089652538,5.23,5.667,242099,12.397102012393043,0.33116130000000277,0.3453932000000024,0.30676180000000075,0.3557995000000025,7.25254293,7.6836479565039095,8.012819572349569,8.313027482,8.749542477,7.041275313,7.828931508,8.214800362,8.570926568,9.097323208,12.15174,4.59865
